date,cumulative_doses,daily_doses,population,doses_per_100,daily_doses_7day_avg
2020-12-14,0,0,328239523,0,NA
2020-12-15,475,475,328239523,1.4471139723170996e-4,NA
2020-12-16,11973,11498,328239523,0.0036476411769584497,NA
2020-12-17,47824,35851,328239523,0.014569848128861678,NA
2020-12-18,113459,65635,328239523,0.0345659166705528,NA
2020-12-19,227682,114223,328239523,0.06936459019896882,NA
2020-12-20,404916,177234,328239523,0.12335991604521068,57845.142857142855
2020-12-21,596142,191226,328239523,0.18161798267053902,85163.14285714286
2020-12-22,739226,143084,328239523,0.22520932069475375,105535.85714285714
2020-12-23,926010,186784,328239523,0.2821141072642858,130576.71428571429
2020-12-24,1260600,334590,328239523,0.38404881547430225,173253.7142857143
2020-12-25,1586064,325464,328239523,0.4832032369240312,210372.14285714287
2020-12-26,1896946,310882,328239523,0.5779151708065333,238466.2857142857
2020-12-27,2050506,153560,328239523,0.6246980806147466,235084.2857142857
2020-12-28,2111606,61100,328239523,0.6433125361323413,216494.85714285713
2020-12-29,2259342,147736,328239523,0.6883211318827075,217159.42857142858
2020-12-30,2557995,298653,328239523,0.7793074327615325,233140.7142857143
2020-12-31,2968073,410078,328239523,0.9042399808751855,243924.7142857143
2021-01-01,3514022,545949,328239523,1.070566386364143,275422.5714285714
2021-01-02,3913744,399722,328239523,1.1923439213625715,288114
2021-01-03,4186914,273170,328239523,1.2755666842715951,305201.14285714284
2021-01-04,4370977,184063,328239523,1.3316425030266694,322767.28571428574
2021-01-05,4602373,231396,328239523,1.4021385840242035,334718.71428571426
2021-01-06,4919362,316989,328239523,1.4987110494917457,337338.14285714284
2021-01-07,5486117,566755,328239523,1.6713761188350253,359720.5714285714
2021-01-08,6171802,685685,328239523,1.8802738754893937,379682.85714285716
2021-01-09,6998096,826294,328239523,2.1320089476245063,440621.71428571426
2021-01-10,7762966,764870,328239523,2.365030855836334,510864.5714285714
2021-01-11,8424323,661357,328239523,2.566516951707854,579049.4285714285
2021-01-12,8833980,536452,328239523,2.6913212398252235,622628.8571428572
2021-01-13,9322492,488512,328239523,2.840149143160923,647132.1428571428
2021-01-14,10284500,962008,328239523,3.1332302417463604,703596.8571428572
2021-01-15,11267115,1028659,328239523,3.432589377727069,752593.1428571428
2021-01-16,12133928,866813,328239523,3.6966687890294065,758381.5714285715
2021-01-17,13209969,1076041,328239523,4.024490676584367,802834.5714285715
2021-01-18,14011140,801171,328239523,4.268571886756002,822808
2021-01-19,14534703,523563,328239523,4.4280782725851084,820966.7142857143
2021-01-20,15137650,602947,328239523,4.611769436430725,837314.5714285715
2021-01-21,15547576,525527,328239523,4.736655676897264,774960.1428571428
2021-01-22,16432722,885146,328239523,5.006320338821599,754458.2857142857
2021-01-23,17900922,1468200,328239523,5.453615651275486,840370.7142857143
2021-01-24,19232242,1331321,328239523,5.859209708880792,876839.2857142857
2021-01-25,20453420,1221178,328239523,6.231248392351581,936840.2857142857
2021-01-26,21285145,831725,328239523,6.484638048904305,980863.4285714285
2021-01-27,22071574,786429,328239523,6.7242280266170145,1007075.1428571428
2021-01-28,23097290,1025716,328239523,7.036718122454742,1078530.7142857143
2021-01-29,24537688,1440398,328239523,7.475543400664764,1157852.4285714286
2021-01-30,26125313,1587625,328239523,7.959222204938435,1174913.142857143
2021-01-31,27718526,1593213,328239523,8.444603424554696,1212326.2857142857
2021-02-01,29159784,1441258,328239523,8.883690706557601,1243766.2857142857
2021-02-02,30215726,1055942,328239523,9.205389321748436,1275797.2857142857
2021-02-03,30751298,535572,328239523,9.368554316355134,1239960.5714285714
2021-02-04,31761378,1010080,328239523,9.676280817651566,1237726.857142857
2021-02-05,33022724,1261346,328239523,10.060556906183415,1212148
2021-02-06,34536779,1514055,328239523,10.521822199942694,1201638
2021-02-07,36625237,2088458,328239523,11.158082568868466,1272387.2857142857
2021-02-08,38668098,2042861,328239523,11.780451557626716,1358330.5714285714
2021-02-09,39815123,1147025,328239523,12.129899116383983,1371342.4285714286
2021-02-10,40565547,750424,328239523,12.358519970186528,1402035.5714285714
2021-02-11,42030074,1464527,328239523,12.804696282720348,1466956.5714285714
2021-02-12,43537978,1507904,328239523,13.264087640049368,1502179.142857143
2021-02-13,45446098,1908120,328239523,13.845407032229936,1558474.142857143
2021-02-14,47534440,2088342,328239523,14.481632061109229,1558457.5714285714
2021-02-15,49623161,2088721,328239523,15.11797255445073,1565009
2021-02-16,50916204,1293043,328239523,15.511905310683746,1585868.7142857143
2021-02-17,51848611,932407,328239523,15.795968299649276,1611866.2857142857
2021-02-18,52863580,1014969,328239523,16.10518426204269,1547643.7142857143
2021-02-19,54203079,1339499,328239523,16.51327009758054,1523585.857142857
2021-02-20,58774305,4571226,328239523,17.905919574468797,1904029.5714285714
2021-02-21,60453837,1679532,328239523,18.41759835850115,1845628.142857143
2021-02-22,62233479,1779642,328239523,18.959776211958484,1801474
2021-02-23,63312284,1078805,328239523,19.28844016751755,1770868.5714285714
2021-02-24,64159725,847441,328239523,19.546617791057415,1758730.5714285714
2021-02-25,65568881,1409156,328239523,19.975925019852042,1815043
2021-02-26,67356744,1787863,328239523,20.520607446775994,1879095
2021-02-27,69504093,2147349,328239523,21.17480928705834,1532826.857142857
2021-02-28,71842419,2338326,328239523,21.887193334728313,1626940.2857142857
2021-03-01,74248824,2406405,328239523,22.620318029160675,1716477.857142857
2021-03-02,75906246,1657422,328239523,23.12526087847136,1799137.4285714286
2021-03-03,77635354,1729108,328239523,23.65204326719668,1925089.857142857
2021-03-04,79523309,1887955,328239523,24.227219279745295,1993489.7142857143
2021-03-05,81519443,1996134,328239523,24.835352627538395,2023242.7142857143
2021-03-06,83944999,2425556,328239523,25.574311780851573,2062986.5714285714
2021-03-07,86825323,2880324,328239523,26.451818539841103,2140414.8571428573
2021-03-08,89238403,2413080,328239523,27.18697681022404,2141368.4285714286
2021-03-09,90969310,1730907,328239523,27.7143072743254,2151866.285714286
2021-03-10,92466073,1496763,328239523,28.1703044639143,2118674.1428571427
2021-03-11,94445919,1979846,328239523,28.773475581732427,2131801.4285714286
2021-03-12,96917002,2471083,328239523,29.52630478932301,2199651.285714286
2021-03-13,99807079,2890077,328239523,30.406782854117175,2266011.4285714286
2021-03-14,104318528,4511449,328239523,31.78122093481107,2499029.285714286
2021-03-15,105673833,1355305,328239523,32.19412215633765,2347918.5714285714
2021-03-16,107673305,1999472,328239523,32.803272444433816,2386285
2021-03-17,109302590,1629285,328239523,33.29964319988364,2405216.714285714
2021-03-18,111569419,2266829,328239523,33.990245288042296,2446214.285714286
2021-03-19,114224346,2654927,328239523,34.79908359481744,2472477.714285714
2021-03-20,116768863,2544517,328239523,35.57428487976446,2423112
2021-03-21,119857738,3088875,328239523,36.515327863183614,2219887.1428571427
2021-03-22,122861237,3003499,328239523,37.43036057239213,2455343.4285714286
2021-03-23,124872004,2010767,328239523,38.04295194518669,2456957
2021-03-24,126567168,1695164,328239523,38.55939310513804,2466368.285714286
2021-03-25,128796633,2233058,328239523,39.23861204246266,2461543.8571428573
2021-03-26,131581761,2785128,328239523,40.087116809513525,2480144
2021-03-27,134904297,3322536,328239523,41.09934591880332,2591289.5714285714
2021-03-28,138350926,3446629,328239523,42.14938065212823,2642397.285714286
2021-03-29,141589895,3238969,328239523,43.136150609139165,2676035.8571428573
2021-03-30,143918010,2328115,328239523,43.84542381875202,2721371.285714286
2021-03-31,145689611,1771601,328239523,44.3851519367459,2732290.8571428573
2021-04-01,148319997,2630386,328239523,45.18651369110111,2789052
2021-04-02,151638766,3318769,328239523,46.19759516284698,2865286.4285714286
2021-04-03,155564642,3925876,328239523,47.39363516562264,2951477.8571428573
2021-04-04,159610218,4045576,328239523,48.62614244050068,3037041.714285714
2021-04-05,162957086,3346868,328239523,49.64578442919563,3052455.8571428573
2021-04-06,165075992,2118906,328239523,50.29132095101174,3022568.8571428573
2021-04-07,166466649,1390657,328239523,50.71499235635923,2968148.285714286
2021-04-08,169311188,2844539,328239523,51.581597015664684,2998741.5714285714
2021-04-09,172675895,3364707,328239523,52.60667375512851,3005304.1428571427
2021-04-10,176598154,3922259,328239523,53.801611818696195,3004787.4285714286
2021-04-11,181174896,4576742,328239523,55.195941775725764,3080668.285714286
2021-04-12,184692953,3518057,328239523,56.26773744732745,3105123.8571428573
2021-04-13,187290345,2597392,328239523,57.05904739570317,3173479
2021-04-14,189849082,2558737,328239523,57.83858088289996,3340347.5714285714
2021-04-15,192316397,2576243,328239523,58.59026214829102,3302019.5714285714
2021-04-16,195743340,3426943,328239523,59.6342994320035,3310910.4285714286
2021-04-17,199657623,3914283,328239523,60.826807562719985,3309771
2021-04-18,203199480,3541857,328239523,61.905854036961905,3161930.285714286
2021-04-19,206688876,3489396,328239523,62.968917975182414,3157835.8571428573
2021-04-20,208836072,2147196,328239523,63.62307320316207,3093522.1428571427
2021-04-21,210621283,1785211,328239523,64.16694768350611,2983018.4285714286
2021-04-22,213142734,2521451,328239523,64.93512178300357,2975191
2021-04-23,216085386,2942652,328239523,65.83161711455449,2906006.5714285714
2021-04-24,219404053,3318667,328239523,66.84266751143188,2820918.5714285714
2021-04-25,222661985,3257932,328239523,67.83521465207588,2780357.8571428573
2021-04-26,225633530,2971545,328239523,68.74051239710094,2706379.1428571427
2021-04-27,227716557,2083027,328239523,69.37511818160911,2697212.1428571427
2021-04-28,229332680,1616123,328239523,69.86747906040553,2673056.714285714
2021-04-29,231517284,2184604,328239523,70.53303084406444,2624935.714285714
2021-04-30,234180498,2663214,328239523,71.34439383157402,2585016
2021-05-01,236927035,2746537,328239523,72.18114163540264,2503283.1428571427
2021-05-02,240185363,3258328,328239523,73.1738094196536,2503339.714285714
2021-05-03,242258383,2073020,328239523,73.80536651584154,2374979
2021-05-04,243423196,1164813,328239523,74.16023328793347,2243805.5714285714
2021-05-05,244387881,964685,328239523,74.45412994948813,2150743
2021-05-06,246142424,1754543,328239523,74.98866125271574,2089305.7142857143
2021-05-07,248495932,2353508,328239523,75.70567058129681,2045062
2021-05-08,251238716,2760680,328239523,76.54127501275951,2047082.4285714286
2021-05-09,253730847,2492131,328239523,77.30051661085311,1937625.7142857143
2021-05-10,256045849,2315002,328239523,78.00579487193563,1972194.5714285714
2021-05-11,257892787,1846938,328239523,78.56847482684162,2069641
2021-05-12,259411869,1519082,328239523,79.03127162416696,2148840.5714285714
2021-05-13,260920892,1509023,328239523,79.4910038910823,2113766.285714286
2021-05-14,262812131,1891239,328239523,80.06718039253305,2047727.857142857
2021-05-15,264610509,1798378,328239523,80.61506627280835,1910256.142857143
2021-05-16,266952452,2341943,328239523,81.32855225968629,1888800.7142857143
2021-05-17,268995753,2043301,328239523,81.95105529689671,1849986.2857142857
2021-05-18,270472751,1476998,328239523,82.4010309690829,1797137.7142857143
2021-05-19,271589419,1116668,328239523,82.74123009860699,1739650
2021-05-20,273297609,1708190,328239523,83.26163970205378,1768102.4285714286
2021-05-21,275340258,2042649,328239523,83.88394410383054,1789732.4285714286
2021-05-22,277491471,2151213,328239523,84.53932313324742,1840137.4285714286
2021-05-23,279816842,2325371,328239523,85.24776036796763,1837770
2021-05-24,281546896,1730054,328239523,85.77483096086512,1793020.4285714286
2021-05-25,282691132,1144236,328239523,86.12342883522896,1745483
2021-05-26,283573294,882162,328239523,86.39218440492311,1711982.142857143
2021-05-27,284892073,1318779,328239523,86.79395777698592,1656352
2021-05-28,286359532,1470653,328239523,87.24102733966012,1574638.2857142857
2021-05-29,287696376,1336844,328239523,87.64830431465136,1458299.857142857
2021-05-30,289274518,1578142,328239523,88.12909407012512,1351552.857142857
2021-05-31,290466241,1191723,328239523,88.49215912368969,1274648.4285714286
2021-06-01,291416085,949844,328239523,88.7815343918837,1246878.142857143
2021-06-02,291924299,508214,328239523,88.936364619321,1193457
2021-06-03,292420033,495734,328239523,89.08739274520576,1075879.142857143
2021-06-04,293197287,777254,328239523,89.3241875080351,976822.1428571428
2021-06-05,294565042,1367755,328239523,89.740881691447,981238
2021-06-06,295671483,1106441,328239523,90.07796510842479,913852.1428571428
2021-06-07,296766537,1359824,328239523,90.41157941239149,937866.5714285715
2021-06-08,298210751,1444214,328239523,90.85156725626852,1008490.8571428572
2021-06-09,299272830,1062079,328239523,91.17513554271159,1087614.4285714286
2021-06-10,300074197,801367,328239523,91.41927646537556,1131276.2857142857
2021-06-11,300978362,904165,328239523,91.69473537164505,1149406.4285714286
2021-06-12,301799581,821219,328239523,91.9449243167466,1071329.857142857
2021-06-13,303372371,1572790,328239523,92.42408355559303,1137951.142857143
2021-06-14,304553584,1181213,328239523,92.78394667908411,1112435.2857142857
2021-06-15,305845209,1309342,328239523,93.17744743371443,1093167.857142857
2021-06-16,307049280,1204071,328239523,93.54427437429587,1113452.4285714286
2021-06-17,308058002,1008722,328239523,93.85158715332402,1143074.5714285714
2021-06-18,310070057,2012055,328239523,94.46457092249673,1301344.5714285714
2021-06-19,311115654,1045597,328239523,94.78311787578365,1333398.5714285714
2021-06-20,312151120,1035466,328239523,95.0985783634593,1256638
2021-06-21,312979290,828170,328239523,95.35088496944958,1206203.2857142857
2021-06-22,313568662,589372,328239523,95.5304404338901,1103350.4285714286
2021-06-23,314212170,643508,328239523,95.726488732437,1023270
2021-06-24,314836845,624675,328239523,95.91679945257536,968406.1428571428
2021-06-25,315623267,786422,328239523,96.15638729769907,793315.7142857143
2021-06-26,316083080,791453,328239523,96.29647189074181,757009.4285714285
2021-06-27,316957063,873983,328239523,96.56273568250342,733940.4285714285
2021-06-28,318159500,1202437,328239523,96.92906481587838,787407.1428571428
2021-06-29,319199366,1039866,328239523,97.24586578807573,851763.4285714285
2021-06-30,319911116,711750,328239523,97.46270439224347,861512.2857142857
2021-07-01,321251049,1339933,328239523,97.87092244830005,963692
2021-07-02,322407620,1156571,328239523,98.22327824915831,1016570.4285714285
2021-07-03,323057021,649401,328239523,98.42112188299762,996277.2857142857
2021-07-04,324163527,1106506,328239523,98.75822510258766,1029494.8571428572
2021-07-05,324777657,614130,328239523,98.94532322970747,945451
2021-07-06,325159705,382048,328239523,99.06171628210659,851477
2021-07-07,325374827,215122,328239523,99.12725439830717,780530.1428571428
2021-07-08,325804897,430070,328239523,99.25827762063864,650549.7142857143
2021-07-09,326476584,671687,328239523,99.46291080858047,581280.5714285715
2021-07-10,327076790,600206,328239523,99.64576691150017,574252.7142857143
2021-07-11,327659109,582319,328239523,99.82317364018348,499368.85714285716
2021-07-12,328226539,567430,328239523,99.99604435203861,492697.4285714286
2021-07-13,328665190,438651,328239523,100.12968182384301,500783.5714285714
2021-07-14,329000659,335469,328239523,100.23188432430179,517976
2021-07-15,329517218,516559,328239523,100.38925690249678,530331.5714285715
2021-07-16,330079108,561890,328239523,100.56043982247682,514646.28571428574
2021-07-17,330598056,518948,328239523,100.718540222836,503038
2021-07-18,331218058,620002,328239523,100.90742728748117,508421.28571428574
2021-07-19,331705933,487875,328239523,101.05606112521679,497056.28571428574
2021-07-20,332205212,499279,328239523,101.20816925510825,505717.4285714286
2021-07-21,332488374,302313,328239523,101.29443613650389,500980.85714285716
2021-07-22,333071997,583623,328239523,101.47224013605455,510561.4285714286
2021-07-23,333707113,635116,328239523,101.66573176503184,521022.28571428574
2021-07-24,334299341,592228,328239523,101.84615732578919,531490.8571428572
2021-07-25,334963451,664110,328239523,102.0484821384535,537792
2021-07-26,335728403,764952,328239523,102.28152902842234,577374.4285714285
2021-07-27,336113640,385237,328239523,102.39889362744412,561082.7142857143
2021-07-28,336505184,391544,328239523,102.51817968916559,573830
2021-07-29,337252132,746948,328239523,102.74574156019595,597162.1428571428
2021-07-30,337941314,689182,328239523,102.95570469738952,604885.8571428572
2021-07-31,338780661,839347,328239523,103.21141643872058,640188.5714285715
2021-08-01,339483044,702383,328239523,103.42540133413489,645656.1428571428
2021-08-02,340289408,806364,328239523,103.67106462069773,651572.1428571428
2021-08-03,340746236,456828,328239523,103.8102398168547,661799.4285714285
2021-08-04,341197757,451521,328239523,103.94779820588515,670367.5714285715
2021-08-05,341903738,705981,328239523,104.16287925205157,664515.1428571428
2021-08-06,342755799,852061,328239523,104.42246438433924,687783.5714285715
2021-08-07,343554216,798417,328239523,104.66570657306251,681936.4285714285
2021-08-08,344386556,832340,328239523,104.9192835927927,700501.7142857143
2021-08-09,345144715,758159,328239523,105.15026095745333,693615.2857142857
2021-08-10,345664199,519484,328239523,105.30852465319967,702566.1428571428
2021-08-11,346272753,608554,328239523,105.49392402084376,724999.4285714285
2021-08-12,346911219,638466,328239523,105.688436245991,715354.4285714285
2021-08-13,347552151,664257,328239523,105.88369975178156,688525.2857142857
2021-08-14,348452593,900442,328239523,106.15802442535234,703100.2857142857
2021-08-15,349423165,970572,328239523,106.45371459426596,722847.7142857143
2021-08-16,350072023,648858,328239523,106.65139280012907,707233.2857142857
2021-08-17,350914704,842681,328239523,106.90812026314089,753404.2857142857
2021-08-18,351495889,581185,328239523,107.08518151240429,749494.4285714285
2021-08-19,352194136,698247,328239523,107.29790635236817,758034.5714285715
2021-08-20,353198302,1004166,328239523,107.6038311206052,806593
2021-08-21,354183846,985544,328239523,107.90408259275956,818750.4285714285
2021-08-22,355224436,1040590,328239523,108.22110413559187,828753
2021-08-23,356181021,956585,328239523,108.51253308700429,872714
2021-08-24,356773605,592584,328239523,108.69306710514566,836985.8571428572
2021-08-25,357397502,623897,328239523,108.88314080324812,843087.5714285715
2021-08-26,358313482,915980,328239523,109.16219921511401,874192.2857142857
2021-08-27,359214351,900869,328239523,109.43665397661451,859435.5714285715
2021-08-28,360259986,1050587,328239523,109.7552125068132,868727.4285714285
2021-08-29,361309849,1049863,328239523,110.07505912077504,870052.1428571428
2021-08-30,362227775,917926,328239523,110.35471039238622,864529.4285714285
2021-08-31,362901462,673687,328239523,110.55995289147431,876115.5714285715
2021-09-01,363541764,640302,328239523,110.75502446425381,878459.1428571428
2021-09-02,364585039,1043275,328239523,111.07286400729994,896644.1428571428
2021-09-03,365391001,805962,328239523,111.31840482232238,883086
2021-09-04,366757735,1366734,328239523,111.73478795239413,928249.8571428572
2021-09-05,367694267,936532,328239523,112.0201076455988,912059.7142857143
2021-09-06,368247855,553588,328239523,112.18876131501081,860011.4285714285
2021-09-07,368642170,394315,328239523,112.30889157732537,820101.1428571428
2021-09-08,369139691,497521,328239523,112.4604641227193,799703.8571428572
2021-09-09,370052068,912377,328239523,112.73842486055526,781004.1428571428
2021-09-10,370692808,640740,328239523,112.93362987247578,757401
2021-09-11,371600621,907813,328239523,113.21020016227601,691840.8571428572
2021-09-12,372424377,823756,328239523,113.46116201856655,675730
2021-09-13,373171150,746773,328239523,113.68867057487164,703327.8571428572
2021-09-14,373748359,577209,328239523,113.8645205135763,729455.5714285715
2021-09-15,374361016,612657,328239523,114.05116988303689,745903.5714285715
2021-09-16,375181792,820776,328239523,114.30122386571955,732817.7142857143
2021-09-17,375889387,762272,328239523,114.51679662598096,750179.4285714285
2021-09-18,376782790,893403,328239523,114.78897682897254,748120.8571428572
2021-09-19,377677519,894729,328239523,115.06156100525409,758259.8571428572
2021-09-20,378342569,665050,328239523,115.26417219415713,746585.1428571428
2021-09-21,378963726,621157,328239523,115.45341113598926,752863.4285714285
2021-09-22,379498952,535226,328239523,115.61647071976763,741801.8571428572
2021-09-23,380189323,707259,328239523,115.82679609243765,725585.1428571428
2021-09-24,380505291,789159,328239523,115.92305750456504,729426.1428571428
2021-09-25,381215002,709711,328239523,116.13927491601919,703184.4285714285
2021-09-26,381996597,781595,328239523,116.37739218869143,687022.4285714285
2021-09-27,382727896,731299,328239523,116.60018650465807,696486.5714285715
2021-09-28,383256830,528934,328239523,116.76132919557038,683311.8571428572
2021-09-29,383732326,566615,328239523,116.90619170196636,687796
2021-09-30,384544651,812325,328239523,117.15367104040058,702805.4285714285
2021-10-01,385443152,898501,328239523,117.42740437750392,718425.7142857143
2021-10-02,386249507,806355,328239523,117.6730649221666,732232
2021-10-03,387181549,932042,328239523,117.95701671184796,753724.4285714285
2021-10-04,388426000,1244451,328239523,118.33614564447194,827031.8571428572
2021-10-05,389410559,984559,328239523,118.6360970308868,892121.1428571428
2021-10-06,390173739,763180,328239523,118.86860407118004,920201.8571428572
2021-10-07,391129150,955411,328239523,119.15967535694962,940642.7142857143
2021-10-08,391987015,857865,328239523,119.42102871018369,934837.5714285715
2021-10-09,393089026,1102011,328239523,119.75676250297256,977074.1428571428
2021-10-10,394237029,1148003,328239523,120.10650801488035,1007925.7142857143
2021-10-11,395003838,766809,328239523,120.34012065024844,939691.1428571428
2021-10-12,395489975,486137,328239523,120.48822499659799,868488
2021-10-13,395992172,502197,328239523,120.64122211145182,831204.7142857143
2021-10-14,396749072,756900,328239523,120.8718159147459,802846
2021-10-15,397727235,978163,328239523,121.16981872411507,820031.4285714285
2021-10-16,398829042,1101807,328239523,121.50549036716703,820002.2857142857
2021-10-17,399685272,856230,328239523,121.76634560853905,778320.4285714285
2021-10-18,400495928,810656,328239523,122.01331647682171,784584.2857142857
2021-10-19,401018912,522984,328239523,122.17264646707397,789848.1428571428
2021-10-20,401593622,574710,328239523,122.34773507150143,800207.1428571428
2021-10-21,402326103,732481,328239523,122.57088949035548,796718.7142857143
2021-10-22,403071300,753783,328239523,122.79791790947733,764664.4285714285
2021-10-23,404012677,941377,328239523,123.08471365893377,741745.8571428572
2021-10-24,404886065,873388,328239523,123.35079618062935,744197
2021-10-25,405667376,781311,328239523,123.58882693111883,740004.8571428572
2021-10-26,406305256,637880,328239523,123.78316062810022,756418.5714285715
2021-10-27,407004899,879208,328239523,123.9963107672442,799918.2857142857
2021-10-28,408130068,1133760,328239523,124.33909977379535,857243.8571428572
2021-10-29,409762796,1632728,328239523,124.83651945838345,982807.4285714285
2021-10-30,410954960,1603388,328239523,125.19971886505574,1077380.4285714286
2021-10-31,412576215,1621255,328239523,125.69364323625342,1184218.5714285714
2021-11-01,413965526,1389311,328239523,126.11690457519948,1271075.7142857143
2021-11-02,414883220,917694,328239523,126.39648516671772,1311049.142857143
2021-11-03,415811236,928016,328239523,126.6792104130617,1318021.7142857143
2021-11-04,417122489,1317228,328239523,127.07869094728119,1344231.4285714286
2021-11-05,418554964,1432475,328239523,127.5151024393854,1315623.857142857
2021-11-06,419750347,1195383,328239523,127.87928253234757,1257337.4285714286
2021-11-07,421164957,1414610,328239523,128.310251352638,1227816.7142857143
2021-11-08,422640278,1475321,328239523,128.75971611742807,1240103.857142857
2021-11-09,423786150,1145872,328239523,129.10881240830955,1272700.7142857143
2021-11-10,424822686,1036635,328239523,129.4245988774484,1288217.7142857143
2021-11-11,426130546,1307860,328239523,129.82304571530833,1286879.4285714286
2021-11-12,427603433,1472887,328239523,130.27176894843342,1292652.5714285714
2021-11-13,428927485,1324052,328239523,130.6751487693333,1311033.857142857
2021-11-14,430591507,1664022,328239523,131.18210234542659,1346664.142857143
2021-11-15,432094397,1502890,328239523,131.63996615971197,1350602.5714285714
2021-11-16,433519656,1425259,328239523,132.07417925720054,1390515
2021-11-17,434879010,1359354,328239523,132.48831402914269,1436617.7142857143
2021-11-18,436270836,1391826,328239523,132.91234157685514,1448612.857142857
2021-11-19,437702988,1646402,328239523,133.3486546652092,1473400.7142857143
2021-11-20,439581116,1878128,328239523,133.9208368274408,1552554.4285714286
2021-11-21,441366955,1785839,328239523,134.46490263148476,1569956.857142857
2021-11-22,442857977,1491022,328239523,134.91915079342837,1568261.4285714286
2021-11-23,444010014,1152037,328239523,135.2701252859181,1529229.7142857143
2021-11-24,444044061,1185766,328239523,135.2804978942161,1504431.4285714286
2021-11-25,445767659,1723598,328239523,135.80560163073355,1551827.4285714286
2021-11-26,445767659,0,328239523,135.80560163073355,1316627.142857143
2021-11-27,445767659,0,328239523,135.80560163073355,1048323.1428571428
2021-11-28,445767659,0,328239523,135.80560163073355,793203.2857142857
2021-11-29,445767659,0,328239523,135.80560163073355,580200.1428571428
2021-11-30,450466400,4698741,328239523,137.2370992630281,1086872.142857143
2021-12-01,451996699,1530299,328239523,137.70331338191716,1136091.142857143
2021-12-02,453479055,1482356,328239523,138.1549213986641,1101628
2021-12-03,455612807,2180132,328239523,138.80498083711876,1413075.4285714286
2021-12-04,457482758,1869951,328239523,139.37467183072894,1680211.2857142857
2021-12-05,459610032,2208522,328239523,140.02275771038092,1995714.4285714286
2021-12-06,461381352,1771320,328239523,140.56240022015874,2248760.1428571427
2021-12-07,462744627,1363275,328239523,140.9777295466031,1772265
2021-12-08,464270184,1525557,328239523,141.44249898876438,1771587.5714285714
2021-12-09,466723081,2452897,328239523,142.1897877301022,1910236.2857142857
2021-12-10,468394594,1671513,328239523,142.69902348109372,1837576.4285714286
2021-12-11,471495329,3100735,328239523,143.64367967961007,2013402.7142857143
2021-12-12,473591472,2096143,328239523,144.28228132661528,1997348.5714285714
2021-12-13,475085375,1493903,328239523,144.73740720126506,1957717.5714285714
2021-12-14,476252383,1167008,328239523,145.09294269233993,1929679.4285714286
2021-12-15,477457845,1205462,328239523,145.46019340882359,1883951.5714285714
2021-12-16,479098040,1640195,328239523,145.95988795657615,1767851.2857142857
2021-12-17,480762007,1686389,328239523,146.4668247766129,1769976.4285714286
2021-12-18,482592668,1830661,328239523,147.0245458527552,1588537.2857142857
2021-12-19,484302674,1710006,328239523,147.5455087107228,1533374.857142857
2021-12-20,485770535,1467861,328239523,147.9927007449374,1529654.5714285714
2021-12-21,486890193,1119658,328239523,148.33381079462512,1522890.2857142857
2021-12-22,487984349,1195631,328239523,148.66715151788713,1521485.857142857
2021-12-23,489598229,1613880,328239523,149.15882905423305,1517726.5714285714
2021-12-24,490775958,1834081,328239523,149.5176307577074,1538825.4285714286
2021-12-25,492433105,1657147,328239523,150.02248982673544,1514037.7142857143
2021-12-26,493108666,675561,328239523,150.2283032503676,1366259.857142857
2021-12-27,493332549,223883,328239523,150.29651045404427,1188548.7142857143
2021-12-28,494011322,678773,328239523,150.50330243137722,1125565.142857143
2021-12-29,495495174,1483852,328239523,150.95536621286158,1166739.5714285714
2021-12-30,496789486,1294312,328239523,151.34968557701686,1121087
2021-12-31,498094070,1363315,328239523,151.74713436321926,1053834.7142857143
2022-01-01,499719190,1625120,328239523,152.24223622820705,1049259.4285714286
2022-01-02,500409294,690104,328239523,152.45248025783903,1051337
2022-01-03,500409294,0,328239523,152.45248025783903,1019353.7142857143
2022-01-04,501417093,1007799,328239523,152.75951183977318,1066357.4285714286
2022-01-05,503021618,1604525,328239523,153.24833932323256,1083596.4285714286
2022-01-06,504173435,1151817,328239523,153.59924679149623,1063240
2022-01-07,505470155,1296720,328239523,153.99429976627158,1053726.4285714286
2022-01-08,506896660,1426505,328239523,154.42889246460427,1025352.8571428572
2022-01-09,508289011,1392351,328239523,154.85307995649262,1125673.857142857
2022-01-10,509582822,1293811,328239523,155.2472466882058,1310504
2022-01-11,510393446,810624,328239523,155.49420780751012,1282336.142857143
2022-01-12,511371469,978023,328239523,155.79216796509908,1192835.857142857
2022-01-13,512670709,1299240,328239523,156.1879886719187,1213896.2857142857
2022-01-14,514360514,1689805,328239523,156.7027971826537,1270051.2857142857
2022-01-15,515739876,1384230,328239523,157.12302750330284,1264012
2022-01-16,517006494,1266618,328239523,157.50890973601616,1246050.142857143
2022-01-17,518005085,998591,328239523,157.81313604943304,1203875.857142857
2022-01-18,518625529,620444,328239523,158.0021577718415,1176707.2857142857
2022-01-19,519333763,708234,328239523,158.21792520701413,1138166
2022-01-20,520482674,1148911,328239523,158.5679473461823,1116690.4285714286
2022-01-21,521841955,1371579,328239523,158.98205987826762,1071229.5714285714
2022-01-22,522796619,984058,328239523,159.27290358632408,1014062.1428571428
2022-01-23,523831870,1035251,328239523,159.58829857305147,981009.7142857143
2022-01-24,524520373,688503,328239523,159.79805484911088,936711.4285714285
2022-01-25,525206786,686413,328239523,160.0071743950225,946135.5714285715
2022-01-26,526200368,993582,328239523,160.3098746886736,986899.5714285715
2022-01-27,526996081,795713,328239523,160.55229308872717,936442.7142857143
2022-01-28,526184785,781776,328239523,160.30512724087768,852185.1428571428
2022-01-29,526947635,777823,328239523,160.53753374483182,822723
2022-01-30,527761376,813741,328239523,160.78544447555757,791078.7142857143
2022-01-31,528470668,709292,328239523,161.00153423632656,794048.5714285715
2022-02-01,528973677,503009,328239523,161.15477873150576,767848
2022-02-02,529537098,563421,328239523,161.3264280791683,706396.4285714285
2022-02-03,530212397,675299,328239523,161.53216168304024,689194.4285714285
2022-02-04,530960771,752319,328239523,161.76015799291787,684986.2857142857
2022-02-05,531508591,623450,328239523,161.92705440898413,662933
2022-02-06,532145898,637307,328239523,162.12121353832214,637728.1428571428
2022-02-07,532671670,525772,328239523,162.28139290831228,611511
2022-02-08,533066100,394430,328239523,162.40155820601774,595999.7142857143
2022-02-09,533541870,475770,328239523,162.54650418804076,583478.1428571428
2022-02-10,534151724,609854,328239523,162.7322996079299,574128.8571428572
2022-02-11,534850655,698931,328239523,162.9452328323058,566502
2022-02-12,535349141,556841,328239523,163.0970993703278,556986.4285714285
2022-02-13,535925762,576621,328239523,163.2727701715555,548317
2022-02-14,536391279,465517,328239523,163.4145925199873,539709.1428571428
2022-02-15,536717732,326453,328239523,163.51404824579885,529998.1428571428
2022-02-16,537213610,495878,328239523,163.66512024208615,532870.7142857143
2022-02-17,537625065,411455,328239523,163.790472300924,504528
2022-02-18,539302259,1677194,328239523,164.30143880022638,644279.8571428572
2022-02-19,539780386,498881,328239523,164.44710285543525,635999.8571428572
2022-02-20,540293287,512901,328239523,164.60336100354374,626897
2022-02-21,540592299,299012,328239523,164.69445667577332,603110.5714285715
2022-02-22,540832911,240612,328239523,164.76776046253272,590847.5714285715
2022-02-23,541217709,384798,328239523,164.8849913177579,574979
2022-02-24,541655571,437862,328239523,165.0183884163151,578751.4285714285
2022-02-25,542118422,462851,328239523,165.159398552989,405273.85714285716
2022-02-26,542263405,370939,328239523,165.20356843194656,386996.4285714286
2022-02-27,542747018,483613,328239523,165.35090382762957,382812.4285714286
2022-02-28,543078195,331177,328239523,165.45179874636852,387407.4285714286
2022-03-01,543283567,205372,328239523,165.51436647073118,382373.14285714284
2022-03-02,543562749,292210,328239523,165.5994208229458,369146.28571428574
2022-03-03,543956424,393675,328239523,165.7193561056936,362833.85714285716
2022-03-04,544346108,389684,328239523,165.83807550804903,352381.4285714286
2022-03-05,544675990,348870,328239523,165.9385758978208,349228.71428571426
2022-03-06,545008587,332597,328239523,166.0399034274736,327655
2022-03-07,545249289,240702,328239523,166.11323463323458,314730
2022-03-08,545463807,214518,328239523,166.178588737469,316036.5714285714
2022-03-09,545702475,238668,328239523,166.25130027379427,308387.71428571426
2022-03-10,545999980,297505,328239523,166.34193683007516,294649.14285714284
2022-03-11,546349616,349636,328239523,166.44845538603832,288928
2022-03-12,546473640,255650,328239523,166.4862399888389,275610.85714285716
2022-03-13,546847711,374071,328239523,166.60020280373124,281535.71428571426
2022-03-14,547048521,200810,328239523,166.66138068936934,275836.85714285716
2022-03-15,547201450,152929,328239523,166.70797136151089,267038.4285714286
2022-03-16,547455214,253764,328239523,166.78528197836798,269195
2022-03-17,547688789,233575,328239523,166.85644190385932,260062.14285714287
2022-03-18,547940932,252143,328239523,166.93325867403237,246134.57142857142
2022-03-19,548150452,242026,328239523,166.99709010971236,244188.2857142857
2022-03-20,548386723,236271,328239523,167.06907138662885,224502.57142857142
2022-03-21,548562524,175801,328239523,167.1226301410388,220929.85714285713
2022-03-22,548692824,130300,328239523,167.16232676221625,217697.14285714287
2022-03-23,548653629,206834,328239523,167.15038578702786,210992.85714285713
2022-03-24,548920748,267119,328239523,167.23176507906393,215784.85714285713
2022-03-25,549241279,320531,328239523,167.32941663457146,225554.57142857142
2022-03-26,549422178,203473,328239523,167.38452852309317,220047
2022-03-27,549681520,259342,328239523,167.46353850873712,223342.85714285713
2022-03-28,549847778,166258,328239523,167.51418993501278,221979.57142857142
2022-03-29,549947894,100116,328239523,167.54469083237123,217667.57142857142
2022-03-30,550140869,192975,328239523,167.60348174159392,215687.7142857143
2022-03-31,550371412,230543,328239523,167.6737179513876,210462.57142857142
2022-04-01,550774177,402765,328239523,167.79642255329503,222210.2857142857
2022-04-02,551117668,369625,328239523,167.9010690007614,245946.2857142857
2022-04-03,551599948,482280,328239523,168.0479982905654,277794.5714285714
2022-04-04,552023552,423604,328239523,168.17705160996107,314558.28571428574
2022-04-05,552372099,348547,328239523,168.2832383960051,350048.4285714286
2022-04-06,552868645,496546,328239523,168.43451390221526,393415.71428571426
2022-04-07,553353237,484592,328239523,168.5821475557043,429708.4285714286
2022-04-08,553957024,603787,328239523,168.76609463023135,458425.85714285716
2022-04-09,554525094,579645,328239523,168.93916032165328,488428.71428571426
2022-04-10,555110969,585875,328239523,169.1176504055546,503228
2022-04-11,555541142,430173,328239523,169.24870500741008,504166.4285714286
2022-04-12,555884450,343308,328239523,169.35329570290656,503418
2022-04-13,556439486,555036,328239523,169.52239051358845,511773.71428571426
2022-04-14,557086370,646884,328239523,169.7194673293502,534958.2857142857
2022-04-15,557715129,642463,328239523,169.9110222628492,540483.4285714285
2022-04-16,558203136,618817,328239523,170.05969631512045,546079.4285714285
2022-04-17,558918031,714895,328239523,170.27749306106566,564510.8571428572
2022-04-18,559280541,362510,328239523,170.3879337528772,554844.7142857143
2022-04-19,559522370,241829,328239523,170.46160830546907,540347.7142857143
2022-04-20,559968322,445952,328239523,170.5974700676128,524764.2857142857
2022-04-21,560339565,371243,328239523,170.71057131654436,485387
2022-04-22,561030416,690851,328239523,170.92104292388944,492299.5714285714
2022-04-23,561452948,435966,328239523,171.04976965251072,466178
2022-04-24,561996586,543638,328239523,171.21539199897023,441712.71428571426
2022-04-25,562405484,408898,328239523,171.3399650535076,448339.5714285714
2022-04-26,562637280,231796,328239523,171.41058299673438,446906.28571428574
2022-04-27,563367382,730102,328239523,171.63301263998,487499.14285714284
2022-04-28,564014197,646815,328239523,171.8300684345072,526866.5714285715
2022-04-29,564516147,501950,328239523,171.98299029943448,499880.71428571426
2022-04-30,565007625,499095,328239523,172.13272181120004,508899.14285714284
2022-05-01,565501815,494190,328239523,172.28327954887993,501835.14285714284
2022-05-02,565882302,380487,328239523,172.3991970339294,497776.4285714286
2022-05-03,566135264,252962,328239523,172.47626331701682,500800.14285714284
2022-05-04,566661827,526563,328239523,172.6366836695653,471723.14285714284
2022-05-05,567021480,359653,328239523,172.7462539604044,430700
2022-05-06,567548800,527320,328239523,172.90690493722173,434324.28571428574
2022-05-07,567945426,422584,328239523,173.02773925856576,423394.14285714284
2022-05-08,568412598,467172,328239523,173.17006581197109,419534.4285714286
2022-05-09,568713359,300761,328239523,173.26169432679805,408145
2022-05-10,568923513,210154,328239523,173.3257189141114,402029.5714285714
2022-05-11,569356892,446095,328239523,173.4577502417343,390534.14285714284
2022-05-12,569702063,345171,328239523,173.5629085105635,388465.28571428574
2022-05-13,570168232,466169,328239523,173.70492949442897,379729.4285714286
2022-05-14,570566766,430479,328239523,173.82634509860654,380857.28571428574
2022-05-15,571024944,458178,328239523,173.96593157978722,379572.4285714286
2022-05-16,571315026,290082,328239523,174.05430667774885,378046.85714285716
2022-05-17,571483763,168737,328239523,174.10571334519028,372130.14285714284
2022-05-18,571968864,485101,328239523,174.2535020683661,377702.4285714286
2022-05-19,572369123,400259,328239523,174.3754432034073,385572.14285714284
2022-05-20,572824349,455226,328239523,174.51413034133614,384008.85714285716
2022-05-21,573073073,388171,328239523,174.5899054941047,377964.85714285716
2022-05-22,573571356,498283,328239523,174.74171018704533,383694.14285714284
2022-05-23,573861426,290070,328239523,174.83008162914007,383692.4285714286
2022-05-24,574027879,166453,328239523,174.88079246325253,383366.14285714284
2022-05-25,574602796,574917,328239523,175.0559441313836,396197
2022-05-26,574984542,381746,328239523,175.17224517779962,393552.28571428574
2022-05-27,575571833,587291,328239523,175.3511666539925,412418.71428571426
2022-05-28,576062614,490781,328239523,175.50068582082358,427077.28571428574
2022-05-29,576461002,398388,328239523,175.62205694528748,412806.5714285714
2022-05-30,576665921,204919,328239523,175.68448666067553,400642.14285714284
2022-05-31,576787334,121413,328239523,175.72147580777468,394207.85714285716
2022-06-01,576905393,118059,328239523,175.75744314008156,328942.4285714286
2022-06-02,577351615,446222,328239523,175.89338715923006,338153.28571428574
2022-06-03,577745091,393476,328239523,176.0132618155188,310465.4285714286
2022-06-04,577986850,345427,328239523,176.08691504222057,289700.5714285714
2022-06-05,578380791,393941,328239523,176.20693136335078,289065.28571428574
2022-06-06,578615549,234758,328239523,176.27845169638513,293328
2022-06-07,578731916,116367,328239523,176.31390355146232,292607.14285714284
2022-06-08,579145896,413980,328239523,176.4400248656223,334881.5714285714
2022-06-09,579338861,291477,328239523,176.49881272828927,312775.14285714284
2022-06-10,579557591,348841,328239523,176.5654500417977,306398.71428571426
2022-06-11,579918422,376715,328239523,176.67537921690192,310868.4285714286
2022-06-12,580268373,349951,328239523,176.78199373937062,304584.14285714284
2022-06-13,580471894,203521,328239523,176.84399754626745,300121.71428571426
2022-06-14,580574193,102299,328239523,176.87516350674198,298112
2022-06-15,580876858,302665,328239523,176.96737208578017,282209.85714285716
2022-06-16,581441387,564529,328239523,177.1393589918177,321217.28571428574
2022-06-17,581726936,285549,328239523,177.22635308606635,312175.5714285714
2022-06-18,581726936,0,328239523,177.22635308606635,258359.14285714287
2022-06-19,581726936,0,328239523,177.22635308606635,208366.14285714287
2022-06-20,581726936,0,328239523,177.22635308606635,179291.7142857143
2022-06-21,581726936,0,328239523,177.22635308606635,164677.57142857142
2022-06-22,581726936,0,328239523,177.22635308606635,121439.71428571429
2022-06-23,583176410,1449474,328239523,177.66794341825803,247860.42857142858
2022-06-24,583176410,0,328239523,177.66794341825803,207067.7142857143
2022-06-25,583176410,0,328239523,177.66794341825803,207067.7142857143
2022-06-26,583176410,0,328239523,177.66794341825803,207067.7142857143
2022-06-27,583176410,0,328239523,177.66794341825803,207067.7142857143
2022-06-28,583176410,0,328239523,177.66794341825803,207067.7142857143
2022-06-29,583176410,0,328239523,177.66794341825803,207067.7142857143
2022-06-30,584326409,1188316,328239523,178.01829702268975,169759.42857142858
2022-07-01,584326409,0,328239523,178.01829702268975,169759.42857142858
2022-07-02,584326409,0,328239523,178.01829702268975,169759.42857142858
2022-07-03,584326409,0,328239523,178.01829702268975,169759.42857142858
2022-07-04,584326409,0,328239523,178.01829702268975,169759.42857142858
2022-07-05,584326409,0,328239523,178.01829702268975,169759.42857142858
2022-07-06,584326409,0,328239523,178.01829702268975,169759.42857142858
2022-07-07,585703007,1376598,328239523,178.43768527533476,196656.85714285713
2022-07-08,585703007,0,328239523,178.43768527533476,196656.85714285713
2022-07-09,585703007,0,328239523,178.43768527533476,196656.85714285713
2022-07-10,585703007,0,328239523,178.43768527533476,196656.85714285713
2022-07-11,585703007,0,328239523,178.43768527533476,196656.85714285713
2022-07-12,585703007,0,328239523,178.43768527533476,196656.85714285713
2022-07-13,585703007,0,328239523,178.43768527533476,196656.85714285713
2022-07-14,587300621,1597614,328239523,178.9244072841283,228230.57142857142
2022-07-15,587300621,0,328239523,178.9244072841283,228230.57142857142
2022-07-16,587300621,0,328239523,178.9244072841283,228230.57142857142
2022-07-17,587300621,0,328239523,178.9244072841283,228230.57142857142
2022-07-18,587300621,0,328239523,178.9244072841283,228230.57142857142
2022-07-19,587300621,0,328239523,178.9244072841283,228230.57142857142
2022-07-20,587300621,0,328239523,178.9244072841283,228230.57142857142
2022-07-21,589474372,2173751,328239523,179.58665264085215,310535.85714285716
2022-07-22,589474372,0,328239523,179.58665264085215,310535.85714285716
2022-07-23,589474372,0,328239523,179.58665264085215,310535.85714285716
2022-07-24,589474372,0,328239523,179.58665264085215,310535.85714285716
2022-07-25,589474372,0,328239523,179.58665264085215,310535.85714285716
2022-07-26,589474372,0,328239523,179.58665264085215,310535.85714285716
2022-07-27,589474372,0,328239523,179.58665264085215,310535.85714285716
2022-07-28,591648434,2174062,328239523,180.24899274545925,310580.28571428574
2022-07-29,591648434,0,328239523,180.24899274545925,310580.28571428574
2022-07-30,591648434,0,328239523,180.24899274545925,310580.28571428574
2022-07-31,591648434,0,328239523,180.24899274545925,310580.28571428574
2022-08-01,591648434,0,328239523,180.24899274545925,310580.28571428574
2022-08-02,591648434,0,328239523,180.24899274545925,310580.28571428574
2022-08-03,591648434,0,328239523,180.24899274545925,310580.28571428574
2022-08-04,592140116,1659528,328239523,180.39878640696173,237075.42857142858
2022-08-05,592140116,0,328239523,180.39878640696173,237075.42857142858
2022-08-06,592140116,0,328239523,180.39878640696173,237075.42857142858
2022-08-07,592140116,0,328239523,180.39878640696173,237075.42857142858
2022-08-08,592140116,0,328239523,180.39878640696173,237075.42857142858
2022-08-09,592140116,0,328239523,180.39878640696173,237075.42857142858
2022-08-10,592140116,0,328239523,180.39878640696173,237075.42857142858
2022-08-11,593753635,1613519,328239523,180.89035396264575,230502.7142857143
2022-08-12,593753635,0,328239523,180.89035396264575,230502.7142857143
2022-08-13,593753635,0,328239523,180.89035396264575,230502.7142857143
2022-08-14,593753635,0,328239523,180.89035396264575,230502.7142857143
2022-08-15,593753635,0,328239523,180.89035396264575,230502.7142857143
2022-08-16,593753635,0,328239523,180.89035396264575,230502.7142857143
2022-08-17,593753635,0,328239523,180.89035396264575,230502.7142857143
2022-08-18,595123956,1370321,328239523,181.3078298922583,195760.14285714287
2022-08-19,595123956,0,328239523,181.3078298922583,195760.14285714287
2022-08-20,595123956,0,328239523,181.3078298922583,195760.14285714287
2022-08-21,595123956,0,328239523,181.3078298922583,195760.14285714287
2022-08-22,595123956,0,328239523,181.3078298922583,195760.14285714287
2022-08-23,595123956,0,328239523,181.3078298922583,195760.14285714287
2022-08-24,595123956,0,328239523,181.3078298922583,195760.14285714287
2022-08-25,596426604,1302648,328239523,181.70468886527112,186092.57142857142
2022-08-26,596426604,0,328239523,181.70468886527112,186092.57142857142
2022-08-27,596426604,0,328239523,181.70468886527112,186092.57142857142
2022-08-28,596426604,0,328239523,181.70468886527112,186092.57142857142
2022-08-29,596426604,0,328239523,181.70468886527112,186092.57142857142
2022-08-30,596426604,0,328239523,181.70468886527112,186092.57142857142
2022-08-31,596426604,0,328239523,181.70468886527112,186092.57142857142
2022-09-01,597454121,1027517,328239523,182.01772764579601,146788.14285714287
2022-09-02,597454121,0,328239523,182.01772764579601,146788.14285714287
2022-09-03,597454121,0,328239523,182.01772764579601,146788.14285714287
2022-09-04,597454121,0,328239523,182.01772764579601,146788.14285714287
2022-09-05,597454121,0,328239523,182.01772764579601,146788.14285714287
2022-09-06,597454121,0,328239523,182.01772764579601,146788.14285714287
2022-09-07,597454121,0,328239523,182.01772764579601,146788.14285714287
2022-09-08,598095497,641376,328239523,182.21312641866106,91625.14285714286
2022-09-09,598095497,0,328239523,182.21312641866106,91625.14285714286
2022-09-10,598095497,0,328239523,182.21312641866106,91625.14285714286
2022-09-11,598095497,0,328239523,182.21312641866106,91625.14285714286
2022-09-12,598095497,0,328239523,182.21312641866106,91625.14285714286
2022-09-13,598095497,0,328239523,182.21312641866106,91625.14285714286
2022-09-14,598095497,0,328239523,182.21312641866106,91625.14285714286
2022-09-15,600153749,2058252,328239523,182.84018436134517,294036
2022-09-16,600153749,0,328239523,182.84018436134517,294036
2022-09-17,600153749,0,328239523,182.84018436134517,294036
2022-09-18,600153749,0,328239523,182.84018436134517,294036
2022-09-19,600153749,0,328239523,182.84018436134517,294036
2022-09-20,600153749,0,328239523,182.84018436134517,294036
2022-09-21,600153749,0,328239523,182.84018436134517,294036
2022-09-22,603502474,3348725,328239523,183.8603920954394,478389.28571428574
2022-09-23,603502474,0,328239523,183.8603920954394,478389.28571428574
2022-09-24,603502474,0,328239523,183.8603920954394,478389.28571428574
2022-09-25,603502474,0,328239523,183.8603920954394,478389.28571428574
2022-09-26,603502474,0,328239523,183.8603920954394,478389.28571428574
2022-09-27,603502474,0,328239523,183.8603920954394,478389.28571428574
2022-09-28,603502474,0,328239523,183.8603920954394,478389.28571428574
2022-09-29,607053408,3725959,328239523,184.94220392831852,532279.8571428572
2022-09-30,607053408,0,328239523,184.94220392831852,532279.8571428572
2022-10-01,607053408,0,328239523,184.94220392831852,532279.8571428572
2022-10-02,607053408,0,328239523,184.94220392831852,532279.8571428572
2022-10-03,607053408,0,328239523,184.94220392831852,532279.8571428572
2022-10-04,607053408,0,328239523,184.94220392831852,532279.8571428572
2022-10-05,607053408,0,328239523,184.94220392831852,532279.8571428572
2022-10-06,611454353,4400945,328239523,186.28297634956044,628706.4285714285
2022-10-07,611454353,0,328239523,186.28297634956044,628706.4285714285
2022-10-08,611454353,0,328239523,186.28297634956044,628706.4285714285
2022-10-09,611454353,0,328239523,186.28297634956044,628706.4285714285
2022-10-10,611454353,0,328239523,186.28297634956044,628706.4285714285
2022-10-11,611454353,0,328239523,186.28297634956044,628706.4285714285
2022-10-12,611454353,0,328239523,186.28297634956044,628706.4285714285
2022-10-13,615053820,3599467,328239523,187.37957403136977,514209.5714285714
2022-10-14,615053820,0,328239523,187.37957403136977,514209.5714285714
2022-10-15,615053820,0,328239523,187.37957403136977,514209.5714285714
2022-10-16,615053820,0,328239523,187.37957403136977,514209.5714285714
2022-10-17,615053820,0,328239523,187.37957403136977,514209.5714285714
2022-10-18,615053820,0,328239523,187.37957403136977,514209.5714285714
2022-10-19,615053820,0,328239523,187.37957403136977,514209.5714285714
2022-10-20,620061285,5007465,328239523,188.90512615082005,715352.1428571428
2022-10-21,620061285,0,328239523,188.90512615082005,715352.1428571428
2022-10-22,620061285,0,328239523,188.90512615082005,715352.1428571428
2022-10-23,620061285,0,328239523,188.90512615082005,715352.1428571428
2022-10-24,620061285,0,328239523,188.90512615082005,715352.1428571428
2022-10-25,620061285,0,328239523,188.90512615082005,715352.1428571428
2022-10-26,620061285,0,328239523,188.90512615082005,715352.1428571428
2022-10-27,623976359,3915074,328239523,190.09787526409488,559296.2857142857
2022-10-28,623976359,0,328239523,190.09787526409488,559296.2857142857
2022-10-29,623976359,0,328239523,190.09787526409488,559296.2857142857
2022-10-30,623976359,0,328239523,190.09787526409488,559296.2857142857
2022-10-31,623976359,0,328239523,190.09787526409488,559296.2857142857
2022-11-01,623976359,0,328239523,190.09787526409488,559296.2857142857
2022-11-02,623976359,0,328239523,190.09787526409488,559296.2857142857
2022-11-03,627963121,3986762,328239523,191.31246452609548,569537.4285714285
2022-11-04,627963121,0,328239523,191.31246452609548,569537.4285714285
2022-11-05,627963121,0,328239523,191.31246452609548,569537.4285714285
2022-11-06,627963121,0,328239523,191.31246452609548,569537.4285714285
2022-11-07,627963121,0,328239523,191.31246452609548,569537.4285714285
2022-11-08,627963121,0,328239523,191.31246452609548,569537.4285714285
2022-11-09,627963121,0,328239523,191.31246452609548,569537.4285714285
2022-11-10,633533443,5570322,328239523,193.00949416746502,795760.2857142857
2022-11-11,633533443,0,328239523,193.00949416746502,795760.2857142857
2022-11-12,633533443,0,328239523,193.00949416746502,795760.2857142857
2022-11-13,633533443,0,328239523,193.00949416746502,795760.2857142857
2022-11-14,633533443,0,328239523,193.00949416746502,795760.2857142857
2022-11-15,633533443,0,328239523,193.00949416746502,795760.2857142857
2022-11-16,633533443,0,328239523,193.00949416746502,795760.2857142857
2022-11-17,637779547,4246104,328239523,194.30309341510954,606586.2857142857
2022-11-18,637779547,0,328239523,194.30309341510954,606586.2857142857
2022-11-19,637779547,0,328239523,194.30309341510954,606586.2857142857
2022-11-20,637779547,0,328239523,194.30309341510954,606586.2857142857
2022-11-21,637779547,0,328239523,194.30309341510954,606586.2857142857
2022-11-22,637779547,0,328239523,194.30309341510954,606586.2857142857
2022-11-23,637779547,0,328239523,194.30309341510954,606586.2857142857
2022-11-24,640425168,2645621,328239523,195.10909659712124,377945.85714285716
2022-11-25,640425168,0,328239523,195.10909659712124,377945.85714285716
2022-11-26,640425168,0,328239523,195.10909659712124,377945.85714285716
2022-11-27,640425168,0,328239523,195.10909659712124,377945.85714285716
2022-11-28,640425168,0,328239523,195.10909659712124,377945.85714285716
2022-11-29,640425168,0,328239523,195.10909659712124,377945.85714285716
2022-11-30,640425168,0,328239523,195.10909659712124,377945.85714285716
2022-12-01,642179822,1754654,328239523,195.64366171711748,250664.85714285713
2022-12-02,642179822,0,328239523,195.64366171711748,250664.85714285713
2022-12-03,642179822,0,328239523,195.64366171711748,250664.85714285713
2022-12-04,642179822,0,328239523,195.64366171711748,250664.85714285713
2022-12-05,642179822,0,328239523,195.64366171711748,250664.85714285713
2022-12-06,642179822,0,328239523,195.64366171711748,250664.85714285713
2022-12-07,642179822,0,328239523,195.64366171711748,250664.85714285713
2022-12-08,644817314,2637492,328239523,196.44718835397526,376784.5714285714
2022-12-09,644817314,0,328239523,196.44718835397526,376784.5714285714
2022-12-10,644817314,0,328239523,196.44718835397526,376784.5714285714
2022-12-11,644817314,0,328239523,196.44718835397526,376784.5714285714
2022-12-12,644817314,0,328239523,196.44718835397526,376784.5714285714
2022-12-13,644817314,0,328239523,196.44718835397526,376784.5714285714
2022-12-14,644817314,0,328239523,196.44718835397526,376784.5714285714
2022-12-15,647279341,2462027,328239523,197.19725860069568,351718.14285714284
2022-12-16,647279341,0,328239523,197.19725860069568,351718.14285714284
2022-12-17,647279341,0,328239523,197.19725860069568,351718.14285714284
2022-12-18,647279341,0,328239523,197.19725860069568,351718.14285714284
2022-12-19,647279341,0,328239523,197.19725860069568,351718.14285714284
2022-12-20,647279341,0,328239523,197.19725860069568,351718.14285714284
2022-12-21,647279341,0,328239523,197.19725860069568,351718.14285714284
2022-12-22,649016549,1737208,328239523,197.72650869956328,248172.57142857142
2022-12-23,649016549,0,328239523,197.72650869956328,248172.57142857142
2022-12-24,649016549,0,328239523,197.72650869956328,248172.57142857142
2022-12-25,649016549,0,328239523,197.72650869956328,248172.57142857142
2022-12-26,649016549,0,328239523,197.72650869956328,248172.57142857142
2022-12-27,649016549,0,328239523,197.72650869956328,248172.57142857142
2022-12-28,649016549,0,328239523,197.72650869956328,248172.57142857142
2022-12-29,650682676,1666127,328239523,198.23410357563796,238018.14285714287
2022-12-30,650682676,0,328239523,198.23410357563796,238018.14285714287
2022-12-31,650682676,0,328239523,198.23410357563796,238018.14285714287
2023-01-01,650682676,0,328239523,198.23410357563796,238018.14285714287
2023-01-02,650682676,0,328239523,198.23410357563796,238018.14285714287
2023-01-03,650682676,0,328239523,198.23410357563796,238018.14285714287
2023-01-04,650682676,0,328239523,198.23410357563796,238018.14285714287
2023-01-05,651925429,1242753,328239523,198.6127152030988,177536.14285714287
2023-01-06,651925429,0,328239523,198.6127152030988,177536.14285714287
2023-01-07,651925429,0,328239523,198.6127152030988,177536.14285714287
2023-01-08,651925429,0,328239523,198.6127152030988,177536.14285714287
2023-01-09,651925429,0,328239523,198.6127152030988,177536.14285714287
2023-01-10,651925429,0,328239523,198.6127152030988,177536.14285714287
2023-01-11,651925429,0,328239523,198.6127152030988,177536.14285714287
2023-01-12,653560868,1635439,328239523,199.1109608089456,233634.14285714287
2023-01-13,653560868,0,328239523,199.1109608089456,233634.14285714287
2023-01-14,653560868,0,328239523,199.1109608089456,233634.14285714287
2023-01-15,653560868,0,328239523,199.1109608089456,233634.14285714287
2023-01-16,653560868,0,328239523,199.1109608089456,233634.14285714287
2023-01-17,653560868,0,328239523,199.1109608089456,233634.14285714287
2023-01-18,653560868,0,328239523,199.1109608089456,233634.14285714287
2023-01-19,654851889,1291021,328239523,199.5042775516098,184431.57142857142
2023-01-20,654851889,0,328239523,199.5042775516098,184431.57142857142
2023-01-21,654851889,0,328239523,199.5042775516098,184431.57142857142
2023-01-22,654851889,0,328239523,199.5042775516098,184431.57142857142
2023-01-23,654851889,0,328239523,199.5042775516098,184431.57142857142
2023-01-24,654851889,0,328239523,199.5042775516098,184431.57142857142
2023-01-25,654851889,0,328239523,199.5042775516098,184431.57142857142
2023-01-26,655846163,994274,328239523,199.80718866691748,142039.14285714287
2023-01-27,655846163,0,328239523,199.80718866691748,142039.14285714287
2023-01-28,655846163,0,328239523,199.80718866691748,142039.14285714287
2023-01-29,655846163,0,328239523,199.80718866691748,142039.14285714287
2023-01-30,655846163,0,328239523,199.80718866691748,142039.14285714287
2023-01-31,655846163,0,328239523,199.80718866691748,142039.14285714287
2023-02-01,655846163,0,328239523,199.80718866691748,142039.14285714287
2023-02-02,656603299,757136,328239523,200.0378543689268,108162.28571428571
2023-02-03,656603299,0,328239523,200.0378543689268,108162.28571428571
2023-02-04,656603299,0,328239523,200.0378543689268,108162.28571428571
2023-02-05,656603299,0,328239523,200.0378543689268,108162.28571428571
2023-02-06,656603299,0,328239523,200.0378543689268,108162.28571428571
2023-02-07,656603299,0,328239523,200.0378543689268,108162.28571428571
2023-02-08,656603299,0,328239523,200.0378543689268,108162.28571428571
2023-02-09,657282501,679202,328239523,200.24477704350065,97028.85714285714
2023-02-10,657282501,0,328239523,200.24477704350065,97028.85714285714
2023-02-11,657282501,0,328239523,200.24477704350065,97028.85714285714
2023-02-12,657282501,0,328239523,200.24477704350065,97028.85714285714
2023-02-13,657282501,0,328239523,200.24477704350065,97028.85714285714
2023-02-14,657282501,0,328239523,200.24477704350065,97028.85714285714
2023-02-15,657282501,0,328239523,200.24477704350065,97028.85714285714
2023-02-16,657946361,663860,328239523,200.4470256922717,94837.14285714286
2023-02-17,657946361,0,328239523,200.4470256922717,94837.14285714286
2023-02-18,657946361,0,328239523,200.4470256922717,94837.14285714286
2023-02-19,657946361,0,328239523,200.4470256922717,94837.14285714286
2023-02-20,657946361,0,328239523,200.4470256922717,94837.14285714286
2023-02-21,657946361,0,328239523,200.4470256922717,94837.14285714286
2023-02-22,657946361,0,328239523,200.4470256922717,94837.14285714286
2023-02-23,658531517,585156,328239523,200.62529672881593,83593.71428571429
2023-02-24,658531517,0,328239523,200.62529672881593,83593.71428571429
2023-02-25,658531517,0,328239523,200.62529672881593,83593.71428571429
2023-02-26,658531517,0,328239523,200.62529672881593,83593.71428571429
2023-02-27,658531517,0,328239523,200.62529672881593,83593.71428571429
2023-02-28,658531517,0,328239523,200.62529672881593,83593.71428571429
2023-03-01,658531517,0,328239523,200.62529672881593,83593.71428571429
2023-03-02,659018880,487363,328239523,200.77377458289808,69623.28571428571
2023-03-03,659018880,0,328239523,200.77377458289808,69623.28571428571
2023-03-04,659018880,0,328239523,200.77377458289808,69623.28571428571
2023-03-05,659018880,0,328239523,200.77377458289808,69623.28571428571
2023-03-06,659018880,0,328239523,200.77377458289808,69623.28571428571
2023-03-07,659018880,0,328239523,200.77377458289808,69623.28571428571
2023-03-08,659018880,0,328239523,200.77377458289808,69623.28571428571
2023-03-09,659018880,0,328239523,200.77377458289808,0
